1.485299968719482422e+01,1.146700000762939453e+01,-2.144700050354003906e+01
1.408199977874755859e+01,8.039999961853027344e+00,-1.981599998474121094e+01
1.175100040435791016e+01,4.960000038146972656e+00,-2.022599983215332031e+01
1.037500000000000000e+01,6.028999805450439453e+00,-1.679599952697753906e+01
6.699999809265136719e+00,5.397999763488769531e+00,-1.602000045776367188e+01
4.704999923706054688e+00,8.486000061035156250e+00,-1.478299999237060547e+01
3.891000032424926758e+00,6.284999847412109375e+00,-1.175199985504150391e+01
6.203999996185302734e+00,5.381000041961669922e+00,-8.899999618530273438e+00
5.531000137329101562e+00,3.674000024795532227e+00,-5.584000110626220703e+00
6.947999954223632812e+00,4.630000114440917969e+00,-2.168999910354614258e+00
7.360000133514404297e+00,2.407999992370605469e+00,9.039999842643737793e-01
7.017000198364257812e+00,4.221000194549560547e+00,4.248000144958496094e+00
1.031700038909912109e+01,4.027999877929687500e+00,6.262000083923339844e+00
8.810999870300292969e+00,2.132999897003173828e+00,9.279000282287597656e+00
7.067999839782714844e+00,-3.089999854564666748e-01,6.811999797821044922e+00
1.042700004577636719e+01,-7.590000033378601074e-01,5.019000053405761719e+00
1.200599956512451172e+01,-1.569000005722045898e+00,8.416000366210937500e+00
9.189000129699707031e+00,-4.104000091552734375e+00,9.026000022888183594e+00
9.913000106811523438e+00,-5.633999824523925781e+00,5.576000213623046875e+00
1.370199966430664062e+01,-5.894000053405761719e+00,6.316999912261962891e+00
1.291100025177001953e+01,-7.381999969482421875e+00,9.763999938964843750e+00
1.064799976348876953e+01,-1.004800033569335938e+01,8.128000259399414062e+00
1.319499969482421875e+01,-1.067700004577636719e+01,5.301000118255615234e+00
1.595899963378906250e+01,-1.127700042724609375e+01,7.931000232696533203e+00
1.386299991607666016e+01,-1.399600028991699219e+01,9.741999626159667969e+00
1.283100032806396484e+01,-1.149699974060058594e+01,1.246300029754638672e+01
1.639500045776367188e+01,-1.011299991607666016e+01,1.285799980163574219e+01
1.805500030517578125e+01,-1.360400009155273438e+01,1.320600032806396484e+01
1.960899925231933594e+01,-1.358800029754638672e+01,9.687000274658203125e+00
2.036499977111816406e+01,-9.838999748229980469e+00,9.175999641418457031e+00
2.315500068664550781e+01,-1.063599967956542969e+01,6.659999847412109375e+00
2.067499923706054688e+01,-1.227499961853027344e+01,4.203999996185302734e+00
1.963599967956542969e+01,-8.680000305175781250e+00,3.244999885559082031e+00
2.242900085449218750e+01,-6.050000190734863281e+00,3.151000022888183594e+00
2.053599929809570312e+01,-2.799999952316284180e+00,2.378000020980834961e+00
2.264699935913085938e+01,4.020000100135803223e-01,2.607000112533569336e+00
2.109099960327148438e+01,2.437000036239624023e+00,-2.210000008344650269e-01
2.176700019836425781e+01,6.232999801635742188e+00,2.500000037252902985e-02
2.405900001525878906e+01,5.679999828338623047e+00,3.072999954223632812e+00
2.691799926757812500e+01,7.888000011444091797e+00,1.671000003814697266e+00
2.930699920654296875e+01,4.920000076293945312e+00,1.194000005722045898e+00
3.265499877929687500e+01,5.376999855041503906e+00,-6.250000000000000000e-01
3.350299835205078125e+01,1.633000016212463379e+00,-3.260000050067901611e-01
3.169499969482421875e+01,-1.720999956130981445e+00,-2.700000070035457611e-02
3.047599983215332031e+01,-2.322999954223632812e+00,3.581000089645385742e+00
3.200799942016601562e+01,-4.894999980926513672e+00,5.929999828338623047e+00
2.991500091552734375e+01,-8.130000114440917969e+00,6.057000160217285156e+00
3.069300079345703125e+01,-1.091199970245361328e+01,8.609000205993652344e+00
2.925600051879882812e+01,-1.383199977874755859e+01,6.557000160217285156e+00
2.940399932861328125e+01,-1.310400009155273438e+01,2.802999973297119141e+00
2.819300079345703125e+01,-1.672900009155273438e+01,2.289999961853027344e+00
2.479999923706054688e+01,-1.583899974822998047e+01,3.880000114440917969e+00
2.413699913024902344e+01,-1.272999954223632812e+01,1.684000015258789062e+00
2.112700080871582031e+01,-1.327299976348876953e+01,-6.370000243186950684e-01
2.031399917602539062e+01,-9.644000053405761719e+00,-1.575999975204467773e+00
2.255200004577636719e+01,-6.578999996185302734e+00,-1.559999942779541016e+00
2.156200027465820312e+01,-2.957999944686889648e+00,-2.247999906539916992e+00
2.428100013732910156e+01,-2.800000011920928955e-01,-2.365000009536743164e+00
2.246899986267089844e+01,2.038000106811523438e+00,-4.835999965667724609e+00
2.279199981689453125e+01,5.881000041961669922e+00,-4.703999996185302734e+00
2.619899940490722656e+01,5.909999847412109375e+00,-2.917000055313110352e+00
2.968099975585937500e+01,7.323999881744384766e+00,-3.821000099182128906e+00
3.143099975585937500e+01,3.948999881744384766e+00,-4.482999801635742188e+00
3.417699813842773438e+01,4.342000007629394531e+00,-7.137000083923339844e+00
3.577500152587890625e+01,8.349999785423278809e-01,-7.129000186920166016e+00
3.482400131225585938e+01,-2.716000080108642578e+00,-6.037000179290771484e+00
3.795199966430664062e+01,-4.894000053405761719e+00,-5.484000205993652344e+00
3.660800170898437500e+01,-7.368000030517578125e+00,-2.862999916076660156e+00
3.756100082397460938e+01,-1.111999988555908203e+01,-3.117000102996826172e+00
3.466400146484375000e+01,-1.220400047302246094e+01,-8.140000104904174805e-01
3.274700164794921875e+01,-1.539900016784667969e+01,-1.697000026702880859e+00
2.908499908447265625e+01,-1.435099983215332031e+01,-2.165999889373779297e+00
2.775699996948242188e+01,-1.778300094604492188e+01,-3.312000036239624023e+00
2.409099960327148438e+01,-1.721800041198730469e+01,-2.240999937057495117e+00
2.373800086975097656e+01,-1.371399974822998047e+01,-3.798000097274780273e+00
2.067499923706054688e+01,-1.338199996948242188e+01,-6.120999813079833984e+00
2.021800041198730469e+01,-9.553999900817871094e+00,-6.282000064849853516e+00
2.293199920654296875e+01,-6.847000122070312500e+00,-6.532999992370605469e+00
2.197599983215332031e+01,-3.145999908447265625e+00,-6.821000099182128906e+00
2.486000061035156250e+01,-7.419999837875366211e-01,-7.638000011444091797e+00
2.294300079345703125e+01,1.929999947547912598e+00,-9.628000259399414062e+00
2.364900016784667969e+01,5.693999767303466797e+00,-9.326999664306640625e+00
2.719300079345703125e+01,5.269000053405761719e+00,-7.906000137329101562e+00
3.054000091552734375e+01,6.701000213623046875e+00,-9.164999961853027344e+00
3.167099952697753906e+01,3.198999881744384766e+00,-1.022099971771240234e+01
3.473199844360351562e+01,3.170000076293945312e+00,-1.255099964141845703e+01
3.588100051879882812e+01,-4.250000119209289551e-01,-1.193500041961669922e+01
3.411600112915039062e+01,-3.687000036239624023e+00,-1.098099994659423828e+01
3.663399887084960938e+01,-6.466000080108642578e+00,-1.019699954986572266e+01
3.614400100708007812e+01,-9.687999725341796875e+00,-1.218200016021728516e+01
3.721400070190429688e+01,-1.163300037384033203e+01,-9.022000312805175781e+00
3.420100021362304688e+01,-1.019799995422363281e+01,-7.093999862670898438e+00
3.178599929809570312e+01,-1.131799983978271484e+01,-9.880999565124511719e+00
3.337200164794921875e+01,-1.481799983978271484e+01,-1.018599987030029297e+01
3.181699943542480469e+01,-1.606200027465820312e+01,-6.901000022888183594e+00
2.816500091552734375e+01,-1.498799991607666016e+01,-7.618999958038330078e+00
2.695400047302246094e+01,-1.797599983215332031e+01,-9.758000373840332031e+00
2.338500022888183594e+01,-1.761199951171875000e+01,-8.281999588012695312e+00
2.308799934387207031e+01,-1.389200019836425781e+01,-9.258000373840332031e+00
1.976600074768066406e+01,-1.322900009155273438e+01,-1.107199954986572266e+01
1.962500000000000000e+01,-9.390999794006347656e+00,-1.101200008392333984e+01
2.256100082397460938e+01,-7.000999927520751953e+00,-1.156900024414062500e+01
2.182299995422363281e+01,-3.246999979019165039e+00,-1.175899982452392578e+01
2.481999969482421875e+01,-1.044999957084655762e+00,-1.273099994659423828e+01
2.271299934387207031e+01,1.814000010490417480e+00,-1.421100044250488281e+01
2.373500061035156250e+01,5.531000137329101562e+00,-1.397599983215332031e+01
2.743899917602539062e+01,4.750000000000000000e+00,-1.328699970245361328e+01
2.862999916076660156e+01,7.487999916076660156e+00,-1.567899990081787109e+01
3.237799835205078125e+01,6.638999938964843750e+00,-1.553400039672851562e+01
3.190099906921386719e+01,2.812999963760375977e+00,-1.585900020599365234e+01
3.361600112915039062e+01,1.919999957084655762e+00,-1.918700027465820312e+01
3.427099990844726562e+01,-1.881999969482421875e+00,-1.912299919128417969e+01
3.224300003051757812e+01,-4.894999980926513672e+00,-1.794000053405761719e+01
3.472800064086914062e+01,-7.668000221252441406e+00,-1.687999916076660156e+01
3.487200164794921875e+01,-1.096199989318847656e+01,-1.891300010681152344e+01
3.417399978637695312e+01,-1.291300010681152344e+01,-1.565699958801269531e+01
3.049399948120117188e+01,-1.184599971771240234e+01,-1.618300056457519531e+01
3.031800079345703125e+01,-1.512300014495849609e+01,-1.822900009155273438e+01
3.040900039672851562e+01,-1.695100021362304688e+01,-1.483300018310546875e+01
2.697699928283691406e+01,-1.545300006866455078e+01,-1.386100006103515625e+01
2.513500022888183594e+01,-1.848399925231933594e+01,-1.537899971008300781e+01
2.192300033569335938e+01,-1.759600067138671875e+01,-1.341800022125244141e+01
2.173999977111816406e+01,-1.393299961090087891e+01,-1.458399963378906250e+01
1.832099914550781250e+01,-1.289299964904785156e+01,-1.596399974822998047e+01
1.840800094604492188e+01,-9.062000274658203125e+00,-1.551900005340576172e+01
2.135000038146972656e+01,-6.824999809265136719e+00,-1.650900077819824219e+01
2.106599998474121094e+01,-3.010999917984008789e+00,-1.654199981689453125e+01
2.399900054931640625e+01,-9.509999752044677734e-01,-1.788100051879882812e+01
2.188400077819824219e+01,2.092999935150146484e+00,-1.882999992370605469e+01
2.355400085449218750e+01,5.545000076293945312e+00,-1.846500015258789062e+01
2.707900047302246094e+01,3.976000070571899414e+00,-1.832200050354003906e+01
3.012000083923339844e+01,4.728000164031982422e+00,-2.057999992370605469e+01
3.055800056457519531e+01,1.065999984741210938e+00,-2.162299919128417969e+01
3.257500076293945312e+01,9.480000138282775879e-01,-2.488299942016601562e+01
3.219300079345703125e+01,-2.785000085830688477e+00,-2.573299980163574219e+01
3.026899909973144531e+01,-5.815999984741210938e+00,-2.444799995422363281e+01
3.254199981689453125e+01,-8.630999565124511719e+00,-2.311700057983398438e+01
3.294100189208984375e+01,-1.166899967193603516e+01,-2.542900085449218750e+01
3.177400016784667969e+01,-1.379800033569335938e+01,-2.245400047302246094e+01
2.830800056457519531e+01,-1.205700016021728516e+01,-2.241500091552734375e+01
2.708200073242187500e+01,-1.461299991607666016e+01,-2.503800010681152344e+01
2.741799926757812500e+01,-1.739599990844726562e+01,-2.237599945068359375e+01
2.453499984741210938e+01,-1.583899974822998047e+01,-2.030900001525878906e+01
2.189100074768066406e+01,-1.829899978637695312e+01,-2.164299964904785156e+01
1.925799942016601562e+01,-1.720199966430664062e+01,-1.902700042724609375e+01
1.960099983215332031e+01,-1.343900012969970703e+01,-1.969799995422363281e+01
1.598999977111816406e+01,-1.226700019836425781e+01,-2.020599937438964844e+01
1.635499954223632812e+01,-8.484000205993652344e+00,-1.971599960327148438e+01
1.923100090026855469e+01,-6.316999912261962891e+00,-2.103599929809570312e+01
1.922400093078613281e+01,-2.492000102996826172e+00,-2.078599929809570312e+01
2.189100074768066406e+01,-5.529999732971191406e-01,-2.274200057983398438e+01
1.994300079345703125e+01,2.747999906539916992e+00,-2.289299964904785156e+01
2.212500000000000000e+01,5.893000125885009766e+00,-2.314100074768066406e+01
2.541099929809570312e+01,3.898999929428100586e+00,-2.336300086975097656e+01
2.679899978637695312e+01,6.776999950408935547e+00,-2.548100090026855469e+01
3.018000030517578125e+01,4.988999843597412109e+00,-2.617000007629394531e+01
2.876300048828125000e+01,1.555999994277954102e+00,-2.712899971008300781e+01
2.938699913024902344e+01,1.125000000000000000e+00,-3.088699913024902344e+01
2.863599967956542969e+01,-2.647000074386596680e+00,-3.130999946594238281e+01
2.623999977111816406e+01,-5.350999832153320312e+00,-3.002199935913085938e+01
2.812199974060058594e+01,-8.229999542236328125e+00,-3.171800041198730469e+01
2.713999938964843750e+01,-1.161499977111816406e+01,-3.022999954223632812e+01
2.385099983215332031e+01,-1.043099975585937500e+01,-2.856500053405761719e+01
2.210700035095214844e+01,-1.287699985504150391e+01,-3.103800010681152344e+01
2.355500030517578125e+01,-1.574300003051757812e+01,-2.887199974060058594e+01
2.143499946594238281e+01,-1.461499977111816406e+01,-2.584799957275390625e+01
1.874500083923339844e+01,-1.720899963378906250e+01,-2.663699913024902344e+01
1.649500083923339844e+01,-1.627000045776367188e+01,-2.363299942016601562e+01
1.657299995422363281e+01,-1.248299980163574219e+01,-2.428300094604492188e+01
1.298299980163574219e+01,-1.108500003814697266e+01,-2.421299934387207031e+01
1.357699966430664062e+01,-7.388000011444091797e+00,-2.340200042724609375e+01
1.628400039672851562e+01,-5.265999794006347656e+00,-2.503499984741210938e+01
1.685199928283691406e+01,-1.511999964714050293e+00,-2.475499916076660156e+01
1.929500007629394531e+01,3.330000042915344238e-01,-2.708099937438964844e+01
1.772500038146972656e+01,3.849999904632568359e+00,-2.678100013732910156e+01
2.032500076293945312e+01,6.660999774932861328e+00,-2.716799926757812500e+01
2.323699951171875000e+01,4.144000053405761719e+00,-2.757799911499023438e+01
2.574200057983398438e+01,4.769999980926513672e+00,-3.049600028991699219e+01
2.480599975585937500e+01,1.501999974250793457e+00,-3.230899810791015625e+01
2.211199951171875000e+01,3.312999963760375977e+00,-3.438000106811523438e+01
2.306399917602539062e+01,3.332000017166137695e+00,-3.812799835205078125e+01
2.510899925231933594e+01,7.299999892711639404e-02,-3.829100036621093750e+01
2.342200088500976562e+01,-2.549999952316284180e+00,-4.053900146484375000e+01
2.516099929809570312e+01,-5.250000000000000000e+00,-3.838299942016601562e+01
2.282799911499023438e+01,-4.321000099182128906e+00,-3.543899917602539062e+01
1.969700050354003906e+01,-5.171000003814697266e+00,-3.746900177001953125e+01
2.122800064086914062e+01,-8.604000091552734375e+00,-3.835200119018554688e+01
2.192200088500976562e+01,-9.329999923706054688e+00,-3.463899993896484375e+01
1.833600044250488281e+01,-8.241999626159667969e+00,-3.369699859619140625e+01
1.680900001525878906e+01,-1.036699962615966797e+01,-3.653499984741210938e+01
1.842200088500976562e+01,-1.348299980163574219e+01,-3.492900085449218750e+01
1.678800010681152344e+01,-1.282199954986572266e+01,-3.149799919128417969e+01
1.376399993896484375e+01,-1.514099979400634766e+01,-3.201699829101562500e+01
1.251799964904785156e+01,-1.476500034332275391e+01,-2.837500000000000000e+01
1.262800025939941406e+01,-1.092199993133544922e+01,-2.833200073242187500e+01
9.229000091552734375e+00,-9.477000236511230469e+00,-2.725200080871582031e+01
1.005399990081787109e+01,-5.870999813079833984e+00,-2.623600006103515625e+01
1.254100036621093750e+01,-3.654999971389770508e+00,-2.811700057983398438e+01
1.341100025177001953e+01,-5.400000140070915222e-02,-2.728400039672851562e+01
1.565600013732910156e+01,1.447000026702880859e+00,-3.004199981689453125e+01
1.695700073242187500e+01,4.724999904632568359e+00,-3.155100059509277344e+01
1.734399986267089844e+01,5.039999961853027344e+00,-3.535300064086914062e+01
1.937299919128417969e+01,7.464000225067138672e+00,-3.755699920654296875e+01
1.910899925231933594e+01,5.767000198364257812e+00,-4.099000167846679688e+01
1.621199989318847656e+01,4.592999935150146484e+00,-4.323600006103515625e+01
1.463199996948242188e+01,1.269000053405761719e+00,-4.212799835205078125e+01
1.434700012207031250e+01,-2.989999949932098389e-01,-4.563800048828125000e+01
1.525100040435791016e+01,-3.766000032424926758e+00,-4.408900070190429688e+01
1.326900005340576172e+01,-3.851999998092651367e+00,-4.077500152587890625e+01
1.121800041198730469e+01,-7.077000141143798828e+00,-4.086100006103515625e+01
7.557000160217285156e+00,-7.354000091552734375e+00,-3.975199890136718750e+01
8.512000083923339844e+00,-9.376000404357910156e+00,-3.659099960327148438e+01
1.094400024414062500e+01,-6.690999984741210938e+00,-3.533900070190429688e+01
8.350999832153320312e+00,-3.967000007629394531e+00,-3.613600158691406250e+01
5.829999923706054688e+00,-5.802000045776367188e+00,-3.384000015258789062e+01
8.229000091552734375e+00,-5.997000217437744141e+00,-3.082399940490722656e+01
9.284999847412109375e+00,-2.302999973297119141e+00,-3.095100021362304688e+01
7.609000205993652344e+00,-6.750000119209289551e-01,-2.790900039672851562e+01
9.758000373840332031e+00,2.500000000000000000e+00,-2.779100036621093750e+01
1.114200019836425781e+01,4.210000038146972656e+00,-3.086499977111816406e+01
1.370400047302246094e+01,7.005000114440917969e+00,-3.099399948120117188e+01
1.422700023651123047e+01,8.803000450134277344e+00,-3.434500122070312500e+01
1.734300041198730469e+01,1.102799987792968750e+01,-3.452899932861328125e+01
1.933099937438964844e+01,1.281000041961669922e+01,-3.727199935913085938e+01
1.715699958801269531e+01,1.234000015258789062e+01,-4.043399810791015625e+01
1.846699905395507812e+01,1.559899997711181641e+01,-4.201800155639648438e+01
1.870400047302246094e+01,1.477000045776367188e+01,-4.576499938964843750e+01
1.541199970245361328e+01,1.295400047302246094e+01,-4.658800125122070312e+01
1.196800041198730469e+01,1.304500007629394531e+01,-4.490299987792968750e+01
1.125199985504150391e+01,9.987000465393066406e+00,-4.271400070190429688e+01
8.003000259399414062e+00,8.288000106811523438e+00,-4.383900070190429688e+01
5.946000099182128906e+00,7.859000205993652344e+00,-4.064699935913085938e+01
3.426000118255615234e+00,5.548999786376953125e+00,-4.247200012207031250e+01
5.846000194549560547e+00,2.681999921798706055e+00,-4.163600158691406250e+01
5.153999805450439453e+00,3.255000114440917969e+00,-3.789699935913085938e+01
1.455000042915344238e+00,2.322999954223632812e+00,-3.846799850463867188e+01
2.651999950408935547e+00,-1.348999977111816406e+00,-3.866500091552734375e+01
4.228000164031982422e+00,-1.161000013351440430e+00,-3.513800048828125000e+01
1.325000047683715820e+00,-2.657999992370605469e+00,-3.314400100708007812e+01
3.165999889373779297e+00,-2.427000045776367188e+00,-2.973500061035156250e+01
4.597000122070312500e+00,1.136000037193298340e+00,-3.014599990844726562e+01
3.799999952316284180e+00,2.911999940872192383e+00,-2.682500076293945312e+01
6.368000030517578125e+00,5.750000000000000000e+00,-2.694199943542480469e+01
7.710999965667724609e+00,7.734000205993652344e+00,-2.991099929809570312e+01
1.053699970245361328e+01,1.024499988555908203e+01,-2.949399948120117188e+01
1.180399990081787109e+01,1.225500011444091797e+01,-3.245899963378906250e+01
1.473799991607666016e+01,1.463199996948242188e+01,-3.245500183105468750e+01
1.663100051879882812e+01,1.675900077819824219e+01,-3.502000045776367188e+01
1.472700023651123047e+01,1.515499973297119141e+01,-3.797900009155273438e+01
1.298700046539306641e+01,1.601799964904785156e+01,-4.127999877929687500e+01
9.512000083923339844e+00,1.447099971771240234e+01,-4.167800140380859375e+01
7.203000068664550781e+00,1.388300037384033203e+01,-4.458300018310546875e+01
3.578000068664550781e+00,1.474899959564208984e+01,-4.392699813842773438e+01
1.516000032424926758e+00,1.155000019073486328e+01,-4.325699996948242188e+01
-6.869999766349792480e-01,1.124400043487548828e+01,-4.638100051879882812e+01
-3.946000099182128906e+00,9.607999801635742188e+00,-4.524800109863281250e+01
-5.755000114440917969e+00,8.520000457763671875e+00,-4.848199844360351562e+01
-9.230999946594238281e+00,7.019999980926513672e+00,-4.878300094604492188e+01
-8.328000068664550781e+00,3.634999990463256836e+00,-5.030799865722656250e+01
-9.026000022888183594e+00,3.062000036239624023e+00,-5.397100067138671875e+01
-6.760000228881835938e+00,2.630000114440917969e-01,-5.523699951171875000e+01
-3.144000053405761719e+00,-2.339999973773956299e-01,-5.520399856567382812e+01
-1.065000057220458984e+00,-2.884000062942504883e+00,-5.338800048828125000e+01
2.410000085830688477e+00,-2.288000106811523438e+00,-5.202000045776367188e+01
2.645999908447265625e+00,9.200000017881393433e-02,-4.895299911499023438e+01
2.700000070035457611e-02,4.830000102519989014e-01,-4.614300155639648438e+01
-2.151000022888183594e+00,3.528000116348266602e+00,-4.694300079345703125e+01
-3.608000040054321289e+00,4.748000144958496094e+00,-4.359000015258789062e+01
-7.401999950408935547e+00,4.677000045776367188e+00,-4.394699859619140625e+01
-8.508999824523925781e+00,8.060999870300292969e+00,-4.240299987792968750e+01
-1.143900012969970703e+01,6.221000194549560547e+00,-4.064599990844726562e+01
-9.284000396728515625e+00,3.565999984741210938e+00,-3.884500122070312500e+01
-7.280000209808349609e+00,4.489999771118164062e+00,-3.568099975585937500e+01
-3.507999897003173828e+00,3.834000110626220703e+00,-3.608900070190429688e+01
-8.960000276565551758e-01,3.957000017166137695e+00,-3.322900009155273438e+01
-3.568000078201293945e+00,2.568000078201293945e+00,-3.081699943542480469e+01
-8.730000257492065430e-01,1.769999980926513672e+00,-2.819300079345703125e+01
9.300000071525573730e-01,5.169000148773193359e+00,-2.854400062561035156e+01
7.269999980926513672e-01,6.776000022888183594e+00,-2.507600021362304688e+01
3.716000080108642578e+00,9.187999725341796875e+00,-2.534099960327148438e+01
4.896999835968017578e+00,1.147200012207031250e+01,-2.814500045776367188e+01
8.029999732971191406e+00,1.361200046539306641e+01,-2.775300025939941406e+01
9.133000373840332031e+00,1.598400020599365234e+01,-3.057900047302246094e+01
1.234899997711181641e+01,1.797500038146972656e+01,-3.017300033569335938e+01
1.406700038909912109e+01,2.036599922180175781e+01,-3.265900039672851562e+01
1.195499992370605469e+01,1.916300010681152344e+01,-3.563499832153320312e+01
1.183399963378906250e+01,2.227099990844726562e+01,-3.788800048828125000e+01
1.023799991607666016e+01,2.065399932861328125e+01,-4.102000045776367188e+01
6.743999958038330078e+00,2.009000015258789062e+01,-3.953599929809570312e+01
3.986999988555908203e+00,2.272299957275390625e+01,-3.983700180053710938e+01
1.427000045776367188e+00,2.060199928283691406e+01,-3.793600082397460938e+01
8.399999737739562988e-01,1.722900009155273438e+01,-3.621500015258789062e+01
-2.700999975204467773e+00,1.647599983215332031e+01,-3.750199890136718750e+01
-1.748999953269958496e+00,1.274899959564208984e+01,-3.762699890136718750e+01
-1.988999962806701660e+00,1.266800022125244141e+01,-3.376300048828125000e+01
-5.782000064849853516e+00,1.234500026702880859e+01,-3.441699981689453125e+01
-4.979000091552734375e+00,8.720999717712402344e+00,-3.531200027465820312e+01
-3.427000045776367188e+00,8.071000099182128906e+00,-3.180400085449218750e+01
-6.581999778747558594e+00,7.881000041961669922e+00,-2.952899932861328125e+01
-4.636000156402587891e+00,6.668000221252441406e+00,-2.644000053405761719e+01
-2.102999925613403320e+00,9.548999786376953125e+00,-2.621400070190429688e+01
-1.407999992370605469e+00,1.037300014495849609e+01,-2.250699996948242188e+01
1.628999948501586914e+00,1.269600009918212891e+01,-2.290800094604492188e+01
2.398999929428100586e+00,1.518799972534179688e+01,-2.567900085449218750e+01
5.784999847412109375e+00,1.696199989318847656e+01,-2.544300079345703125e+01
7.022999763488769531e+00,1.941500091552734375e+01,-2.811800003051757812e+01
1.023099994659423828e+01,2.147800064086914062e+01,-2.781200027465820312e+01
1.207499980926513672e+01,2.393799972534179688e+01,-3.017799949645996094e+01
9.986000061035156250e+00,2.283699989318847656e+01,-3.325000000000000000e+01
9.994000434875488281e+00,2.633399963378906250e+01,-3.480899810791015625e+01
7.822000026702880859e+00,2.571699905395507812e+01,-3.792900085449218750e+01
4.867000102996826172e+00,2.416300010681152344e+01,-3.599599838256835938e+01
2.015000104904174805e+00,2.664399909973144531e+01,-3.659999847412109375e+01
-8.339999914169311523e-01,2.435099983215332031e+01,-3.544400024414062500e+01
-8.199999928474426270e-01,2.112599945068359375e+01,-3.333300018310546875e+01
-3.911999940872192383e+00,1.992900085449218750e+01,-3.526200103759765625e+01
-4.566999912261962891e+00,2.180900001525878906e+01,-3.851900100708007812e+01
-8.239999771118164062e+00,2.280999946594238281e+01,-3.898500061035156250e+01
-8.595000267028808594e+00,2.220700073242187500e+01,-4.275600051879882812e+01
-6.992000102996826172e+00,1.872200012207031250e+01,-4.257099914550781250e+01
-8.963999748229980469e+00,1.764599990844726562e+01,-3.949399948120117188e+01
-1.237500000000000000e+01,1.888400077819824219e+01,-4.085699844360351562e+01
-1.212100028991699219e+01,1.590499973297119141e+01,-4.327899932861328125e+01
-1.198499965667724609e+01,1.355500030517578125e+01,-4.017100143432617188e+01
-1.527099990844726562e+01,1.473099994659423828e+01,-3.846699905395507812e+01
-1.575100040435791016e+01,1.158500003814697266e+01,-3.623300170898437500e+01
-1.252299976348876953e+01,1.187500000000000000e+01,-3.410699844360351562e+01
-1.228199958801269531e+01,1.378199958801269531e+01,-3.078599929809570312e+01
-8.534999847412109375e+00,1.423099994659423828e+01,-2.993000030517578125e+01
-6.863999843597412109e+00,1.408300018310546875e+01,-2.648900032043457031e+01
-9.560999870300292969e+00,1.202900028228759766e+01,-2.463100051879882812e+01
-6.729000091552734375e+00,1.029599952697753906e+01,-2.263999938964843750e+01
-4.289999961853027344e+00,1.322999954223632812e+01,-2.248600006103515625e+01
-2.973000049591064453e+00,1.383100032806396484e+01,-1.894199943542480469e+01
-7.999999821186065674e-02,1.616900062561035156e+01,-1.996800041198730469e+01
4.189999997615814209e-01,1.878300094604492188e+01,-2.267700004577636719e+01
3.913000106811523438e+00,2.037500000000000000e+01,-2.278300094604492188e+01
4.782999992370605469e+00,2.297800064086914062e+01,-2.546400070190429688e+01
8.161000251770019531e+00,2.475499916076660156e+01,-2.521599960327148438e+01
9.904999732971191406e+00,2.728100013732910156e+01,-2.753899955749511719e+01
7.302000045776367188e+00,2.721400070190429688e+01,-3.041399955749511719e+01
7.526000022888183594e+00,3.075900077819824219e+01,-3.198999977111816406e+01
5.011000156402587891e+00,3.004400062561035156e+01,-3.483499908447265625e+01
2.404000043869018555e+00,2.810400009155273438e+01,-3.279399871826171875e+01
-9.580000042915344238e-01,2.989699935913085938e+01,-3.331399917602539062e+01
-3.367000102996826172e+00,2.705400085449218750e+01,-3.226200103759765625e+01
-3.582000017166137695e+00,2.364100074768066406e+01,-3.050499916076660156e+01
-7.186999797821044922e+00,2.297299957275390625e+01,-3.168600082397460938e+01
-9.753999710083007812e+00,2.540999984741210938e+01,-3.322999954223632812e+01
-1.262500000000000000e+01,2.456999969482421875e+01,-3.078000068664550781e+01
-1.294600009918212891e+01,2.366099929809570312e+01,-2.705599975585937500e+01
-1.203999996185302734e+01,2.004999923706054688e+01,-2.604899978637695312e+01
-1.338399982452392578e+01,1.799200057983398438e+01,-2.307200050354003906e+01
-9.939999580383300781e+00,1.683300018310546875e+01,-2.170299911499023438e+01
-1.151000022888183594e+01,1.439099979400634766e+01,-1.914699935913085938e+01
-8.086999893188476562e+00,1.323099994659423828e+01,-1.771899986267089844e+01
-5.954999923706054688e+00,1.639999961853027344e+01,-1.814800071716308594e+01
-3.688999891281127930e+00,1.722599983215332031e+01,-1.516300010681152344e+01
-1.144999980926513672e+00,1.971999931335449219e+01,-1.660799980163574219e+01
-7.400000095367431641e-01,2.223800086975097656e+01,-1.945400047302246094e+01
2.806999921798706055e+00,2.365699958801269531e+01,-1.971400070190429688e+01
3.345000028610229492e+00,2.637999916076660156e+01,-2.237199974060058594e+01
6.765999794006347656e+00,2.807999992370605469e+01,-2.237899971008300781e+01
7.923999786376953125e+00,3.066600036621093750e+01,-2.500000000000000000e+01
4.958000183105468750e+00,3.029599952697753906e+01,-2.744700050354003906e+01
4.328000068664550781e+00,3.405500030517578125e+01,-2.824099922180175781e+01
1.685999989509582520e+00,3.345800018310546875e+01,-3.098900032043457031e+01
-4.670000076293945312e-01,3.097800064086914062e+01,-2.900699996948242188e+01
-3.305999994277954102e+00,3.327500152587890625e+01,-2.789399909973144531e+01
-5.991000175476074219e+00,3.067499923706054688e+01,-2.697699928283691406e+01
-6.215000152587890625e+00,2.725499916076660156e+01,-2.527899932861328125e+01
-8.866000175476074219e+00,2.470000076293945312e+01,-2.650000000000000000e+01
-1.074400043487548828e+01,2.502400016784667969e+01,-2.315299987792968750e+01
-1.430599975585937500e+01,2.599099922180175781e+01,-2.218300056457519531e+01
-1.606599998474121094e+01,2.621999931335449219e+01,-1.876600074768066406e+01
-1.666399955749511719e+01,2.235600090026855469e+01,-1.890699958801269531e+01
-1.315799999237060547e+01,2.120499992370605469e+01,-2.010799980163574219e+01
-1.082499980926513672e+01,1.925900077819824219e+01,-1.769000053405761719e+01
-1.171500015258789062e+01,1.780299949645996094e+01,-1.420800018310546875e+01
-1.206000041961669922e+01,2.002499961853027344e+01,-1.106099987030029297e+01
-9.128000259399414062e+00,1.843600082397460938e+01,-9.151000022888183594e+00
-6.660999774932861328e+00,2.023200035095214844e+01,-6.791999816894531250e+00
-3.737999916076660156e+00,1.892900085449218750e+01,-8.949999809265136719e+00
-4.836999893188476562e+00,2.060099983215332031e+01,-1.224199962615966797e+01
-2.269000053405761719e+00,2.328300094604492188e+01,-1.329199981689453125e+01
-1.631000041961669922e+00,2.568600082397460938e+01,-1.618400001525878906e+01
1.957999944686889648e+00,2.697500038146972656e+01,-1.654999923706054688e+01
2.160000085830688477e+00,2.972999954223632812e+01,-1.923100090026855469e+01
4.837999820709228516e+00,3.223799896240234375e+01,-2.038299942016601562e+01
3.937000036239624023e+00,3.503699874877929688e+01,-2.128599929809570312e+01
5.370000004768371582e-01,3.490900039672851562e+01,-1.937400054931640625e+01
-1.672999978065490723e+00,3.666799926757812500e+01,-2.203599929809570312e+01
-4.645999908447265625e+00,3.437500000000000000e+01,-2.300399971008300781e+01
-7.764999866485595703e+00,3.505799865722656250e+01,-2.507999992370605469e+01
-1.057499980926513672e+01,3.307300186157226562e+01,-2.334399986267089844e+01
-1.358699989318847656e+01,3.129599952697753906e+01,-2.499399948120117188e+01
-1.602300071716308594e+01,3.320899963378906250e+01,-2.271400070190429688e+01
-1.598200035095214844e+01,3.489799880981445312e+01,-1.925300025939941406e+01
-1.709600067138671875e+01,3.160700035095214844e+01,-1.754899978637695312e+01
-1.400800037384033203e+01,2.980100059509277344e+01,-1.897100067138671875e+01
-1.173400020599365234e+01,3.263000106811523438e+01,-1.773100090026855469e+01
-1.329500007629394531e+01,3.257799911499023438e+01,-1.423099994659423828e+01
-1.276099967956542969e+01,2.878199958801269531e+01,-1.411999988555908203e+01
-9.079999923706054688e+00,2.853100013732910156e+01,-1.517700004577636719e+01
-7.506000041961669922e+00,3.191200065612792969e+01,-1.426799964904785156e+01
-7.043000221252441406e+00,3.065999984741210938e+01,-1.060299968719482422e+01
-5.235000133514404297e+00,2.751600074768066406e+01,-1.194699954986572266e+01
-2.677000045776367188e+00,2.966099929809570312e+01,-1.386600017547607422e+01
7.639999985694885254e-01,2.978199958801269531e+01,-1.220400047302246094e+01
2.683000087738037109e+00,3.287099838256835938e+01,-1.342000007629394531e+01
6.416999816894531250e+00,3.241899871826171875e+01,-1.259700012207031250e+01
7.064000129699707031e+00,3.614300155639648438e+01,-1.190499973297119141e+01
7.252999782562255859e+00,3.586800003051757812e+01,-8.045000076293945312e+00
8.958000183105468750e+00,3.295999908447265625e+01,-6.094999790191650391e+00
1.137199974060058594e+01,3.084399986267089844e+01,-6.247000217437744141e+00
1.516199970245361328e+01,3.110199928283691406e+01,-6.402999877929687500e+00
1.482800006866455078e+01,2.739399909973144531e+01,-5.519999980926513672e+00
1.707999992370605469e+01,2.521500015258789062e+01,-7.797999858856201172e+00
1.462500000000000000e+01,2.238199996948242188e+01,-6.842999935150146484e+00
1.198200035095214844e+01,2.297400093078613281e+01,-9.604000091552734375e+00
1.456200027465820312e+01,2.309099960327148438e+01,-1.250000000000000000e+01
1.626099967956542969e+01,1.988199996948242188e+01,-1.127099990844726562e+01
1.403499984741210938e+01,1.679000091552734375e+01,-1.114599990844726562e+01
1.738100051879882812e+01,1.529899978637695312e+01,-1.002499961853027344e+01
1.676199913024902344e+01,1.406299972534179688e+01,-6.429999828338623047e+00
1.894899940490722656e+01,1.609700012207031250e+01,-3.980999946594238281e+00
2.196199989318847656e+01,1.376399993896484375e+01,-4.020999908447265625e+00
2.504100036621093750e+01,1.521500015258789062e+01,-5.916999816894531250e+00
2.625799942016601562e+01,1.870599937438964844e+01,-5.324999809265136719e+00
2.871599960327148438e+01,1.886800003051757812e+01,-8.175000190734863281e+00
2.828499984741210938e+01,2.194899940490722656e+01,-1.044400024414062500e+01
3.048100090026855469e+01,2.012700080871582031e+01,-1.307499980926513672e+01
2.782900047302246094e+01,1.768799972534179688e+01,-1.448400020599365234e+01
2.516600036621093750e+01,1.992300033569335938e+01,-1.619799995422363281e+01
2.794000053405761719e+01,2.191699981689453125e+01,-1.797299957275390625e+01
2.962000083923339844e+01,1.863199996948242188e+01,-1.912800025939941406e+01
2.632200050354003906e+01,1.741699981689453125e+01,-2.072599983215332031e+01
2.607699966430664062e+01,2.077300071716308594e+01,-2.261100006103515625e+01
2.987000083923339844e+01,2.069199943542480469e+01,-2.345499992370605469e+01
2.989900016784667969e+01,1.700000000000000000e+01,-2.464100074768066406e+01
2.682399940490722656e+01,1.787299919128417969e+01,-2.676399993896484375e+01
2.862800025939941406e+01,2.097400093078613281e+01,-2.819300079345703125e+01
3.192000007629394531e+01,1.902400016784667969e+01,-2.880500030517578125e+01
3.016500091552734375e+01,1.629400062561035156e+01,-3.089699935913085938e+01
2.862800025939941406e+01,1.906699943542480469e+01,-3.309899902343750000e+01
3.215399932861328125e+01,2.060600090026855469e+01,-3.368099975585937500e+01
3.362699890136718750e+01,1.730699920654296875e+01,-3.502500152587890625e+01
3.142499923706054688e+01,1.751399993896484375e+01,-3.823199844360351562e+01
3.280699920654296875e+01,2.094300079345703125e+01,-3.937099838256835938e+01
3.647100067138671875e+01,2.042300033569335938e+01,-4.046699905395507812e+01
3.661100006103515625e+01,1.919199943542480469e+01,-4.406600189208984375e+01
3.713899993896484375e+01,2.220199966430664062e+01,-4.627799987792968750e+01
