-2.615600013732910156e+01,-9.505999565124511719e+00,2.039999961853027344e-01
-2.394499969482421875e+01,-8.034000396728515625e+00,3.002000093460083008e+00
-2.090299987792968750e+01,-6.967999935150146484e+00,8.719999790191650391e-01
-2.044400024414062500e+01,-5.439000129699707031e+00,-2.592000007629394531e+00
-1.679299926757812500e+01,-4.697999954223632812e+00,-3.500999927520751953e+00
-1.582400035858154297e+01,-3.361999988555908203e+00,-6.940999984741210938e+00
-1.211999988555908203e+01,-3.848000049591064453e+00,-7.749000072479248047e+00
-1.149300003051757812e+01,-1.111999988555908203e+00,-1.034399986267089844e+01
-8.463999748229980469e+00,-1.062000036239624023e+00,-1.269999980926513672e+01
-5.824999809265136719e+00,1.269000053405761719e+00,-1.111499977111816406e+01
-4.050000190734863281e+00,1.842000007629394531e+00,-1.449199962615966797e+01
-6.986999988555908203e+00,3.884000062942504883e+00,-1.599899959564208984e+01
-5.986999988555908203e+00,6.956999778747558594e+00,-1.387699985504150391e+01
-5.594999790191650391e+00,9.564000129699707031e+00,-1.668700027465820312e+01
-7.804999828338623047e+00,8.496999740600585938e+00,-1.966200065612792969e+01
-1.097900009155273438e+01,9.203000068664550781e+00,-1.756100082397460938e+01
-1.244999980926513672e+01,5.657999992370605469e+00,-1.784300041198730469e+01
-1.445199966430664062e+01,5.504000186920166016e+00,-1.466199970245361328e+01
-1.656299972534179688e+01,2.325000047683715820e+00,-1.488500022888183594e+01
-2.031100082397460938e+01,3.017999887466430664e+00,-1.525800037384033203e+01
-2.264800071716308594e+01,2.316999912261962891e+00,-1.233500003814697266e+01
-2.608699989318847656e+01,1.768000006675720215e+00,-1.392199993133544922e+01
-2.930999946594238281e+01,1.241999983787536621e+00,-1.189700031280517578e+01
-2.827300071716308594e+01,3.351999998092651367e+00,-8.845000267028808594e+00
-3.122500038146972656e+01,2.061000108718872070e+00,-6.742000102996826172e+00
-3.009399986267089844e+01,1.049999967217445374e-01,-3.655999898910522461e+00
-3.373199844360351562e+01,-7.250000238418579102e-01,-2.605999946594238281e+00
-3.314899826049804688e+01,-4.535999774932861328e+00,-2.835000038146972656e+00
-2.985000038146972656e+01,-4.603000164031982422e+00,-8.270000219345092773e-01
-3.123500061035156250e+01,-3.668999910354614258e+00,2.668999910354614258e+00
-2.872999954223632812e+01,-5.991000175476074219e+00,4.507999897003173828e+00
-2.562700080871582031e+01,-4.425000190734863281e+00,2.849999904632568359e+00
-2.273800086975097656e+01,-3.756999969482421875e+00,5.333000183105468750e+00
-1.994799995422363281e+01,-3.000000000000000000e+00,2.779000043869018555e+00
-2.027000045776367188e+01,-8.690000176429748535e-01,-3.759999871253967285e-01
-1.701300048828125000e+01,-1.529999971389770508e-01,-2.233000040054321289e+00
-1.767499923706054688e+01,1.583999991416931152e+00,-5.572999954223632812e+00
-1.421000003814697266e+01,3.158999919891357422e+00,-5.978000164031982422e+00
-1.398400020599365234e+01,5.205999851226806641e+00,-9.260000228881835938e+00
-1.764800071716308594e+01,4.587999820709228516e+00,-1.020499992370605469e+01
-1.933499908447265625e+01,6.943999767303466797e+00,-1.268599987030029297e+01
-2.289399909973144531e+01,7.390999794006347656e+00,-1.142500019073486328e+01
-2.569099998474121094e+01,8.041999816894531250e+00,-1.394999980926513672e+01
-2.661199951171875000e+01,1.176099967956542969e+01,-1.363799953460693359e+01
-2.370700073242187500e+01,1.232999992370605469e+01,-1.115200042724609375e+01
-2.600699996948242188e+01,1.189299964904785156e+01,-8.060999870300292969e+00
-2.586800003051757812e+01,9.276000022888183594e+00,-5.300000190734863281e+00
-2.940399932861328125e+01,7.806000232696533203e+00,-5.072999954223632812e+00
-3.157500076293945312e+01,8.564999580383300781e+00,-1.986999988555908203e+00
-3.217399978637695312e+01,4.769000053405761719e+00,-1.628999948501586914e+00
-2.863999938964843750e+01,4.627999782562255859e+00,-7.100000232458114624e-02
-3.026199913024902344e+01,5.770999908447265625e+00,3.227999925613403320e+00
-3.235300064086914062e+01,2.536000013351440430e+00,3.339999914169311523e+00
-2.910400009155273438e+01,5.059999823570251465e-01,3.809999942779541016e+00
-2.944400024414062500e+01,7.990000247955322266e-01,7.638000011444091797e+00
-2.687100028991699219e+01,-2.055999994277954102e+00,8.104000091552734375e+00
-2.419000053405761719e+01,-1.780000030994415283e-01,6.074999809265136719e+00
-2.085000038146972656e+01,8.299999684095382690e-02,7.949999809265136719e+00
-1.844799995422363281e+01,7.870000004768371582e-01,5.028999805450439453e+00
-1.896400070190429688e+01,3.263000011444091797e+00,2.148000001907348633e+00
-1.616699981689453125e+01,4.138999938964843750e+00,-3.160000145435333252e-01
-1.679999923706054688e+01,6.762000083923339844e+00,-3.055999994277954102e+00
-1.307999992370605469e+01,7.649000167846679688e+00,-3.479000091552734375e+00
-1.253400039672851562e+01,8.975999832153320312e+00,-7.025000095367431641e+00
-1.621199989318847656e+01,8.385000228881835938e+00,-7.965000152587890625e+00
-1.796999931335449219e+01,1.101099967956542969e+01,-1.017800045013427734e+01
-2.057299995422363281e+01,1.225300025939941406e+01,-7.605999946594238281e+00
-2.181900024414062500e+01,1.587800025939941406e+01,-7.466000080108642578e+00
-2.470800018310546875e+01,1.535999965667724609e+01,-4.955999851226806641e+00
-2.486800003051757812e+01,1.338500022888183594e+01,-1.677000045776367188e+00
-2.850399971008300781e+01,1.267599964141845703e+01,-5.120000243186950684e-01
-2.996699905395507812e+01,1.376000022888183594e+01,2.903000116348266602e+00
-3.095599937438964844e+01,1.010200023651123047e+01,3.516999959945678711e+00
-2.720199966430664062e+01,9.350000381469726562e+00,4.063000202178955078e+00
-2.781399917602539062e+01,1.054599952697753906e+01,7.690000057220458984e+00
-2.989299964904785156e+01,7.357999801635742188e+00,8.262000083923339844e+00
-2.665999984741210938e+01,5.244999885559082031e+00,8.083999633789062500e+00
-2.621199989318847656e+01,5.066999912261962891e+00,1.189000034332275391e+01
-2.384399986267089844e+01,2.030999898910522461e+00,1.182499980926513672e+01
-2.135700035095214844e+01,3.624000072479248047e+00,9.362000465393066406e+00
-1.770899963378906250e+01,3.270999908447265625e+00,1.057600021362304688e+01
-1.593799972534179688e+01,4.172999858856201172e+00,7.268000125885009766e+00
-1.693000030517578125e+01,6.991000175476074219e+00,4.876999855041503906e+00
-1.477700042724609375e+01,8.175999641418457031e+00,1.949000000953674316e+00
-1.614100074768066406e+01,1.113599967956542969e+01,-1.059999987483024597e-01
-1.286299991607666016e+01,1.213000011444091797e+01,-1.902999997138977051e+00
-1.457699966430664062e+01,1.264000034332275391e+01,-5.306000232696533203e+00
-1.310999965667724609e+01,1.345400047302246094e+01,-8.793000221252441406e+00
-1.522000026702880859e+01,1.640999984741210938e+01,-1.004899978637695312e+01
-1.431799983978271484e+01,1.964900016784667969e+01,-1.189999961853027344e+01
-1.676199913024902344e+01,2.144400024414062500e+01,-9.500000000000000000e+00
-1.803300094604492188e+01,2.149399948120117188e+01,-5.890999794006347656e+00
-1.979199981689453125e+01,1.851700019836425781e+01,-4.212999820709228516e+00
-2.312199974060058594e+01,1.915800094604492188e+01,-2.413000106811523438e+00
-2.292399978637695312e+01,1.742399978637695312e+01,1.011999964714050293e+00
-2.600600051879882812e+01,1.771500015258789062e+01,3.308000087738037109e+00
-2.560400009155273438e+01,1.859099960327148438e+01,7.038000106811523438e+00
-2.637400054931640625e+01,1.501099967956542969e+01,8.208000183105468750e+00
-2.291200065612792969e+01,1.364599990844726562e+01,9.182999610900878906e+00
-2.338699913024902344e+01,1.451500034332275391e+01,1.295499992370605469e+01
-2.602899932861328125e+01,1.175100040435791016e+01,1.294900035858154297e+01
-2.339299964904785156e+01,9.038999557495117188e+00,1.211100006103515625e+01
-2.181200027465820312e+01,8.694000244140625000e+00,1.559300041198730469e+01
-2.011499977111816406e+01,5.310999870300292969e+00,1.484000015258789062e+01
-1.776700019836425781e+01,6.914000034332275391e+00,1.223600006103515625e+01
-1.406599998474121094e+01,6.040999889373779297e+00,1.275800037384033203e+01
-1.292099952697753906e+01,7.181000232696533203e+00,9.291999816894531250e+00
-1.422700023651123047e+01,1.026799964904785156e+01,7.468999862670898438e+00
-1.273900032043457031e+01,1.175199985504150391e+01,4.295000076293945312e+00
-1.464799976348876953e+01,1.481799983978271484e+01,3.025000095367431641e+00
-1.466800022125244141e+01,1.617000007629394531e+01,-5.759999752044677734e-01
-1.175100040435791016e+01,1.858499908447265625e+01,-1.218000054359436035e+00
-1.421399974822998047e+01,2.120299911499023438e+01,-2.571000099182128906e+00
-1.773100090026855469e+01,2.169899940490722656e+01,-1.184999942779541016e+00
-2.013899993896484375e+01,2.455599975585937500e+01,-2.043999910354614258e+00
-1.980599975585937500e+01,2.780999946594238281e+01,5.799999833106994629e-02
-2.339100074768066406e+01,2.726700019836425781e+01,1.383999943733215332e+00
-2.250200080871582031e+01,2.375900077819824219e+01,2.697000026702880859e+00
-2.220800018310546875e+01,2.394799995422363281e+01,6.512000083923339844e+00
-2.152199935913085938e+01,2.065299987792968750e+01,8.328000068664550781e+00
-2.174699974060058594e+01,1.996999931335449219e+01,1.206000041961669922e+01
-1.931399917602539062e+01,1.723399925231933594e+01,1.321300029754638672e+01
-1.918000030517578125e+01,1.779100036621093750e+01,1.705999946594238281e+01
-2.096899986267089844e+01,1.446199989318847656e+01,1.785799980163574219e+01
-1.833300018310546875e+01,1.233100032806396484e+01,1.595300006866455078e+01
-1.638500022888183594e+01,1.161100006103515625e+01,1.920100021362304688e+01
-1.530500030517578125e+01,8.095999717712402344e+00,1.802199935913085938e+01
-1.347200012207031250e+01,9.444000244140625000e+00,1.491800022125244141e+01
-9.861000061035156250e+00,8.163000106811523438e+00,1.437699985504150391e+01
-9.197999954223632812e+00,9.694999694824218750e+00,1.089799976348876953e+01
-1.055300045013427734e+01,1.300399971008300781e+01,9.553999900817871094e+00
-9.444000244140625000e+00,1.409399986267089844e+01,6.048999786376953125e+00
-1.017300033569335938e+01,1.733200073242187500e+01,4.151000022888183594e+00
-1.177200031280517578e+01,1.919400024414062500e+01,7.071000099182128906e+00
-1.237800025939941406e+01,2.277000045776367188e+01,5.764999866485595703e+00
-1.315799999237060547e+01,2.585000038146972656e+01,7.946000099182128906e+00
-1.522500038146972656e+01,2.708799934387207031e+01,4.954999923706054688e+00
-1.767099952697753906e+01,2.423699951171875000e+01,5.611000061035156250e+00
-1.712199974060058594e+01,2.307500076293945312e+01,9.256999969482421875e+00
-1.663800048828125000e+01,2.472400093078613281e+01,1.269799995422363281e+01
-1.328999996185302734e+01,2.427899932861328125e+01,1.452999973297119141e+01
-1.535799980163574219e+01,2.377899932861328125e+01,1.773699951171875000e+01
-1.639599990844726562e+01,2.035499954223632812e+01,1.631100082397460938e+01
-1.276599979400634766e+01,1.911199951171875000e+01,1.676300048828125000e+01
-1.263399982452392578e+01,1.964599990844726562e+01,2.059499931335449219e+01
-1.465400028228759766e+01,1.643099975585937500e+01,2.125499916076660156e+01
-1.271800041198730469e+01,1.420800018310546875e+01,1.874799919128417969e+01
-1.017500019073486328e+01,1.291899967193603516e+01,2.135700035095214844e+01
-9.661999702453613281e+00,9.602999687194824219e+00,1.941300010681152344e+01
-8.182999610900878906e+00,1.131499958038330078e+01,1.629899978637695312e+01
-4.822999954223632812e+00,9.942999839782714844e+00,1.502400016784667969e+01
-4.905000209808349609e+00,1.158699989318847656e+01,1.155700016021728516e+01
-6.209000110626220703e+00,1.509899997711181641e+01,1.082699966430664062e+01
-6.045000076293945312e+00,1.709600067138671875e+01,7.559999942779541016e+00
-7.359000205993652344e+00,2.068899917602539062e+01,7.696000099182128906e+00
-7.890999794006347656e+00,2.344000053405761719e+01,5.122000217437744141e+00
-8.093999862670898438e+00,2.693799972534179688e+01,6.673999786376953125e+00
-9.859999656677246094e+00,2.989500045776367188e+01,5.002999782562255859e+00
-9.472999572753906250e+00,3.370000076293945312e+01,5.403999805450439453e+00
-1.142000007629394531e+01,3.417399978637695312e+01,8.734999656677246094e+00
-9.828000068664550781e+00,3.138699913024902344e+01,1.092000007629394531e+01
-6.735000133514404297e+00,3.239400100708007812e+01,1.299400043487548828e+01
-3.936000108718872070e+00,2.985300064086914062e+01,1.375599956512451172e+01
-4.315999984741210938e+00,3.047900009155273438e+01,1.754299926757812500e+01
-8.034999847412109375e+00,2.959099960327148438e+01,1.719700050354003906e+01
-6.936999797821044922e+00,2.639999961853027344e+01,1.539400005340576172e+01
-4.280000209808349609e+00,2.556599998474121094e+01,1.805299949645996094e+01
-6.814000129699707031e+00,2.614100074768066406e+01,2.089299964904785156e+01
-9.406999588012695312e+00,2.390800094604492188e+01,1.910799980163574219e+01
-6.984000205993652344e+00,2.098699951171875000e+01,1.845400047302246094e+01
-4.741000175476074219e+00,2.127400016784667969e+01,2.159600067138671875e+01
-6.955999851226806641e+00,1.863400077819824219e+01,2.333600044250488281e+01
-6.081999778747558594e+00,1.598200035095214844e+01,2.063400077819824219e+01
-3.394000053405761719e+00,1.433899974822998047e+01,2.284900093078613281e+01
-2.957000017166137695e+00,1.117000007629394531e+01,2.071299934387207031e+01
-2.733000040054321289e+00,1.282499980926513672e+01,1.724600028991699219e+01
1.499999966472387314e-02,1.110999965667724609e+01,1.513500022888183594e+01
-4.050000011920928955e-01,1.290799999237060547e+01,1.176299953460693359e+01
-1.384999990463256836e+00,1.654999923706054688e+01,1.114099979400634766e+01
-1.712000012397766113e+00,1.839999961853027344e+01,7.811999797821044922e+00
-2.618000030517578125e+00,2.211899948120117188e+01,7.778999805450439453e+00
-3.322000026702880859e+00,2.397200012207031250e+01,4.497000217437744141e+00
-3.900000095367431641e+00,2.777799987792968750e+01,4.376999855041503906e+00
-3.108999967575073242e+00,2.902499961853027344e+01,8.399999737739562988e-01
-5.364999771118164062e+00,3.213199996948242188e+01,1.294999957084655762e+00
-3.433000087738037109e+00,3.377700042724609375e+01,4.193999767303466797e+00
-9.679999947547912598e-01,3.606600189208984375e+01,2.276999950408935547e+00
-3.434999942779541016e+00,3.881000137329101562e+01,3.470000028610229492e+00
-2.573999881744384766e+00,3.810499954223632812e+01,7.215000152587890625e+00
1.850000023841857910e-01,4.034799957275390625e+01,8.668999671936035156e+00
1.000000047497451305e-03,3.893199920654296875e+01,1.225699996948242188e+01
3.088999986648559570e+00,3.701800155639648438e+01,1.338199996948242188e+01
1.891999959945678711e+00,3.428799819946289062e+01,1.576099967956542969e+01
4.243999958038330078e+00,3.152599906921386719e+01,1.679800033569335938e+01
2.082000017166137695e+00,2.838899993896484375e+01,1.711400032043457031e+01
2.667000055313110352e+00,2.595999908447265625e+01,1.998299980163574219e+01
1.588999986648559570e+00,2.240999984741210938e+01,1.907999992370605469e+01
1.967000007629394531e+00,2.042099952697753906e+01,2.232999992370605469e+01
1.279000043869018555e+00,1.701300048828125000e+01,2.068700027465820312e+01
3.256999969482421875e+00,1.431700038909912109e+01,2.257200050354003906e+01
2.479000091552734375e+00,1.157900047302246094e+01,1.995000076293945312e+01
2.798000097274780273e+00,1.363799953460693359e+01,1.670899963378906250e+01
5.133999824523925781e+00,1.182800006866455078e+01,1.424400043487548828e+01
4.223999977111816406e+00,1.361100006103515625e+01,1.096300029754638672e+01
3.575999975204467773e+00,1.733799934387207031e+01,1.043999958038330078e+01
2.717999935150146484e+00,1.898500061035156250e+01,7.096000194549560547e+00
2.391000032424926758e+00,2.279100036621093750e+01,6.960000038146972656e+00
1.065000057220458984e+00,2.437999916076660156e+01,3.726000070571899414e+00
4.869999885559082031e-01,2.794499969482421875e+01,4.980999946594238281e+00
2.062000036239624023e+00,3.145100021362304688e+01,5.114999771118164062e+00
4.214000225067138672e+00,3.178199958801269531e+01,8.295999526977539062e+00
7.162000179290771484e+00,3.416699981689453125e+01,7.618000030517578125e+00
8.902000427246093750e+00,3.359600067138671875e+01,1.102099990844726562e+01
9.491999626159667969e+00,3.059700012207031250e+01,1.327400016784667969e+01
9.701999664306640625e+00,3.204999923706054688e+01,1.681599998474121094e+01
1.262899971008300781e+01,3.084300041198730469e+01,1.903000068664550781e+01
9.814999580383300781e+00,2.997500038146972656e+01,2.151700019836425781e+01
8.152000427246093750e+00,2.774399948120117188e+01,1.885400009155273438e+01
7.660999774932861328e+00,2.433799934387207031e+01,2.047800064086914062e+01
7.446000099182128906e+00,2.169700050354003906e+01,1.779800033569335938e+01
6.481999874114990234e+00,1.822500038146972656e+01,1.912999916076660156e+01
9.592000007629394531e+00,1.646800041198730469e+01,2.057799911499023438e+01
8.642999649047851562e+00,1.312699985504150391e+01,1.888699913024902344e+01
8.354999542236328125e+00,1.458899974822998047e+01,1.535499954223632812e+01
9.982999801635742188e+00,1.220600032806396484e+01,1.280700016021728516e+01
8.741000175476074219e+00,1.382199954986572266e+01,9.553999900817871094e+00
8.310999870300292969e+00,1.752199935913085938e+01,8.706000328063964844e+00
6.995999813079833984e+00,1.892799949645996094e+01,5.408999919891357422e+00
6.934000015258789062e+00,2.271800041198730469e+01,4.803999900817871094e+00
5.293000221252441406e+00,2.438100051879882812e+01,1.769000053405761719e+00
4.249000072479248047e+00,2.800300025939941406e+01,9.739999771118164062e-01
5.547999858856201172e+00,2.920199966430664062e+01,4.429999828338623047e+00
7.703999996185302734e+00,3.204499816894531250e+01,2.954999923706054688e+00
1.007199954986572266e+01,3.193199920654296875e+01,5.952000141143798828e+00
1.215799999237060547e+01,3.517200088500976562e+01,5.908999919891357422e+00
1.465299987792968750e+01,3.388299942016601562e+01,8.515999794006347656e+00
1.664800071716308594e+01,3.065200042724609375e+01,8.142999649047851562e+00
1.458500003814697266e+01,2.776399993896484375e+01,9.638999938964843750e+00
1.762999916076660156e+01,2.543499946594238281e+01,1.011499977111816406e+01
1.869499969482421875e+01,2.676300048828125000e+01,1.364099979400634766e+01
1.517399978637695312e+01,2.588400077819824219e+01,1.494600009918212891e+01
1.452799987792968750e+01,2.266799926757812500e+01,1.296800041198730469e+01
1.798699951171875000e+01,2.116099929809570312e+01,1.377900028228759766e+01
1.696899986267089844e+01,2.096800041198730469e+01,1.749600028991699219e+01
1.431000041961669922e+01,1.835799980163574219e+01,1.653599929809570312e+01
1.644000053405761719e+01,1.544499969482421875e+01,1.781599998474121094e+01
1.398600006103515625e+01,1.274899959564208984e+01,1.646299934387207031e+01
1.353899955749511719e+01,1.427400016784667969e+01,1.295300006866455078e+01
1.434200000762939453e+01,1.167099952697753906e+01,1.022500038146972656e+01
1.283899974822998047e+01,1.333399963378906250e+01,7.116000175476074219e+00
1.269900035858154297e+01,1.705500030517578125e+01,6.260000228881835938e+00
1.109099960327148438e+01,1.834300041198730469e+01,3.039000034332275391e+00
1.117199993133544922e+01,2.204199981689453125e+01,2.125000000000000000e+00
8.753999710083007812e+00,2.250699996948242188e+01,-8.249999880790710449e-01
7.729000091552734375e+00,2.541500091552734375e+01,-3.108000040054321289e+00
7.946000099182128906e+00,2.882999992370605469e+01,-1.376999974250793457e+00
8.611000061035156250e+00,2.738299942016601562e+01,2.144000053405761719e+00
1.170699977874755859e+01,2.963999938964843750e+01,2.525000095367431641e+00
1.223999977111816406e+01,3.315499877929687500e+01,1.059000015258789062e+00
1.564200019836425781e+01,3.403099822998046875e+01,2.584000110626220703e+00
1.894599914550781250e+01,3.378799819946289062e+01,6.819999814033508301e-01
2.112299919128417969e+01,3.181699943542480469e+01,3.128999948501586914e+00
2.064699935913085938e+01,2.865500068664550781e+01,5.228000164031982422e+00
2.313599967956542969e+01,2.751399993896484375e+01,7.932000160217285156e+00
2.311199951171875000e+01,2.404400062561035156e+01,9.539999961853027344e+00
2.496400070190429688e+01,2.433399963378906250e+01,1.288000011444091797e+01
2.746599960327148438e+01,2.192799949645996094e+01,1.446100044250488281e+01
2.567900085449218750e+01,1.891099929809570312e+01,1.602400016784667969e+01
2.238699913024902344e+01,1.996199989318847656e+01,1.431099987030029297e+01
1.991300010681152344e+01,1.728300094604492188e+01,1.303699970245361328e+01
2.132699966430664062e+01,1.419900035858154297e+01,1.492500019073486328e+01
1.877199935913085938e+01,1.172500038146972656e+01,1.337600040435791016e+01
1.806800079345703125e+01,1.330000019073486328e+01,9.937999725341796875e+00
1.825900077819824219e+01,1.057299995422363281e+01,7.250000000000000000e+00
1.665299987792968750e+01,1.246800041198730469e+01,4.330999851226806641e+00
1.676600074768066406e+01,1.612899971008300781e+01,3.315999984741210938e+00
1.473200035095214844e+01,1.728800010681152344e+01,3.039999902248382568e-01
1.459799957275390625e+01,2.090399932861328125e+01,-9.290000200271606445e-01
1.222299957275390625e+01,2.172699928283691406e+01,-3.818000078201293945e+00
1.134399986267089844e+01,2.501799964904785156e+01,-5.548999786376953125e+00
1.313599967956542969e+01,2.755800056457519531e+01,-3.302000045776367188e+00
1.322599983215332031e+01,3.057999992370605469e+01,-5.651999950408935547e+00
1.537399959564208984e+01,3.295899963378906250e+01,-3.463999986648559570e+00
1.789200019836425781e+01,3.050699996948242188e+01,-1.909999966621398926e+00
2.148299980163574219e+01,3.150699996948242188e+01,-2.910000085830688477e+00
2.387800025939941406e+01,3.015900039672851562e+01,-1.879999935626983643e-01
2.410199928283691406e+01,2.700799942016601562e+01,1.988999962806701660e+00
2.652000045776367188e+01,2.662599945068359375e+01,4.914999961853027344e+00
2.704800033569335938e+01,2.340600013732910156e+01,6.854000091552734375e+00
2.918899917602539062e+01,2.339100074768066406e+01,1.000500011444091797e+01
3.137999916076660156e+01,2.048299980163574219e+01,1.119200038909912109e+01
2.944000053405761719e+01,1.742399978637695312e+01,1.255099964141845703e+01
2.602000045776367188e+01,1.865999984741210938e+01,1.123700046539306641e+01
2.345700073242187500e+01,1.602199935913085938e+01,1.001000022888183594e+01
2.571999931335449219e+01,1.301099967956542969e+01,1.095800018310546875e+01
2.327899932861328125e+01,1.027700042724609375e+01,9.680999755859375000e+00
2.211000061035156250e+01,1.194999980926513672e+01,6.425000190734863281e+00
2.182799911499023438e+01,9.291999816894531250e+00,3.671000003814697266e+00
1.978499984741210938e+01,1.111699962615966797e+01,9.670000076293945312e-01
1.994599914550781250e+01,1.467599964141845703e+01,-4.029999971389770508e-01
1.740699958801269531e+01,1.574199962615966797e+01,-3.098000049591064453e+00
1.753199958801269531e+01,1.935899925231933594e+01,-4.414999961853027344e+00
1.506200027465820312e+01,2.040600013732910156e+01,-7.173999786376953125e+00
1.414999961853027344e+01,2.368799972534179688e+01,-8.975000381469726562e+00
1.641099929809570312e+01,2.589399909973144531e+01,-6.702000141143798828e+00
1.784099960327148438e+01,2.811199951171875000e+01,-9.475999832153320312e+00
1.970400047302246094e+01,3.080999946594238281e+01,-7.447999954223632812e+00
2.184099960327148438e+01,2.831699943542480469e+01,-5.479000091552734375e+00
2.537400054931640625e+01,2.915200042724609375e+01,-6.698999881744384766e+00
2.730999946594238281e+01,2.626499938964843750e+01,-5.125999927520751953e+00
2.707799911499023438e+01,2.341900062561035156e+01,-2.594000101089477539e+00
2.865999984741210938e+01,2.381999969482421875e+01,9.129999876022338867e-01
3.243700027465820312e+01,2.370400047302246094e+01,2.109999954700469971e-01
3.325400161743164062e+01,2.228499984741210938e+01,3.697999954223632812e+00
3.151199913024902344e+01,1.976000022888183594e+01,6.012000083923339844e+00
2.885600090026855469e+01,1.830999946594238281e+01,3.660000085830688477e+00
2.777199935913085938e+01,1.513899993896484375e+01,5.625999927520751953e+00
3.020800018310546875e+01,1.226500034332275391e+01,4.861999988555908203e+00
2.751700019836425781e+01,9.510999679565429688e+00,5.270999908447265625e+00
2.559399986267089844e+01,1.068299961090087891e+01,2.141000032424926758e+00
2.486100006103515625e+01,7.670000076293945312e+00,-1.280000060796737671e-01
2.253400039672851562e+01,9.298000335693359375e+00,-2.719000101089477539e+00
2.254899978637695312e+01,1.285299968719482422e+01,-4.152999877929687500e+00
2.003899955749511719e+01,1.413399982452392578e+01,-6.738999843597412109e+00
2.034199905395507812e+01,1.766699981689453125e+01,-8.177000045776367188e+00
1.757200050354003906e+01,1.876899909973144531e+01,-1.055799961090087891e+01
1.733300018310546875e+01,2.224300003051757812e+01,-1.220699977874755859e+01
1.956900024414062500e+01,2.396899986267089844e+01,-9.593000411987304688e+00
2.164699935913085938e+01,2.597299957275390625e+01,-1.216600036621093750e+01
2.489299964904785156e+01,2.575600051879882812e+01,-1.002099990844726562e+01
2.755699920654296875e+01,2.825900077819824219e+01,-1.123499965667724609e+01
3.052499961853027344e+01,2.654500007629394531e+01,-9.517999649047851562e+00
3.162199974060058594e+01,2.297200012207031250e+01,-1.027299976348876953e+01
3.000600051879882812e+01,2.063899993896484375e+01,-7.669000148773193359e+00
3.266999816894531250e+01,1.787999916076660156e+01,-8.256999969482421875e+00
3.541099929809570312e+01,1.912999916076660156e+01,-5.784999847412109375e+00
3.270600128173828125e+01,1.911000061035156250e+01,-3.049999952316284180e+00
3.097200012207031250e+01,1.584500026702880859e+01,-3.954999923706054688e+00
3.417900085449218750e+01,1.380700016021728516e+01,-4.623000144958496094e+00
3.518899917602539062e+01,1.402400016784667969e+01,-9.089999794960021973e-01
3.200699996948242188e+01,1.207100009918212891e+01,3.200000151991844177e-02
3.365399932861328125e+01,8.651000022888183594e+00,5.690000057220458984e-01
3.023999977111816406e+01,6.886000156402587891e+00,1.031999945640563965e+00
2.846299934387207031e+01,8.399000167846679688e+00,-2.030999898910522461e+00
2.699300003051757812e+01,5.519999980926513672e+00,-4.137000083923339844e+00
2.460099983215332031e+01,7.407999992370605469e+00,-6.449999809265136719e+00
2.494700050354003906e+01,1.084799957275390625e+01,-8.064000129699707031e+00
2.237700080871582031e+01,1.243400001525878906e+01,-1.040699958801269531e+01
2.292700004577636719e+01,1.580000019073486328e+01,-1.215200042724609375e+01
1.968600082397460938e+01,1.633699989318847656e+01,-1.408899974822998047e+01
1.809000015258789062e+01,1.916099929809570312e+01,-1.615299987792968750e+01
2.048600006103515625e+01,2.219599914550781250e+01,-1.592199993133544922e+01
2.169400024414062500e+01,2.124300003051757812e+01,-1.241300010681152344e+01
2.507099914550781250e+01,2.279500007629394531e+01,-1.343799972534179688e+01
2.550799942016601562e+01,2.593499946594238281e+01,-1.562800025939941406e+01
2.934399986267089844e+01,2.606500053405761719e+01,-1.578699970245361328e+01
3.150600051879882812e+01,2.488599967956542969e+01,-1.871999931335449219e+01
3.410699844360351562e+01,2.267300033569335938e+01,-1.700499916076660156e+01
3.384799957275390625e+01,1.992499923706054688e+01,-1.438899993896484375e+01
3.701900100708007812e+01,1.849099922180175781e+01,-1.273099994659423828e+01
3.725600051879882812e+01,1.527499961853027344e+01,-1.067000007629394531e+01
4.042100143432617188e+01,1.459099960327148438e+01,-8.612999916076660156e+00
4.226399993896484375e+01,1.123099994659423828e+01,-8.909999847412109375e+00
4.120700073242187500e+01,1.022799968719482422e+01,-5.323999881744384766e+00
3.760100173950195312e+01,1.142099952697753906e+01,-5.900000095367431641e+00
3.440900039672851562e+01,9.324999809265136719e+00,-5.473999977111816406e+00
3.590900039672851562e+01,6.065000057220458984e+00,-3.997999906539916992e+00
3.245700073242187500e+01,4.296999931335449219e+00,-3.665999889373779297e+00
3.042399978637695312e+01,5.896999835968017578e+00,-6.506000041961669922e+00
2.852599906921386719e+01,3.104000091552734375e+00,-8.326999664306640625e+00
2.611899948120117188e+01,5.206999778747558594e+00,-1.046300029754638672e+01
2.663199996948242188e+01,8.565999984741210938e+00,-1.219200038909912109e+01
2.390399932861328125e+01,1.025599956512451172e+01,-1.427600002288818359e+01
2.456100082397460938e+01,1.347299957275390625e+01,-1.622400093078613281e+01
2.142300033569335938e+01,1.465900039672851562e+01,-1.807200050354003906e+01
2.059799957275390625e+01,1.794400024414062500e+01,-1.987299919128417969e+01
2.381500053405761719e+01,1.988100051879882812e+01,-1.898200035095214844e+01
2.348900032043457031e+01,2.238299942016601562e+01,-2.190299987792968750e+01
2.655999946594238281e+01,2.446999931335449219e+01,-2.080999946594238281e+01
2.909799957275390625e+01,2.165800094604492188e+01,-2.012700080871582031e+01
3.201499938964843750e+01,2.184399986267089844e+01,-2.264299964904785156e+01
3.467499923706054688e+01,1.978499984741210938e+01,-2.076499938964843750e+01
3.462900161743164062e+01,1.703300094604492188e+01,-1.811199951171875000e+01
3.816999816894531250e+01,1.641699981689453125e+01,-1.680699920654296875e+01
3.865900039672851562e+01,1.326200008392333984e+01,-1.472999954223632812e+01
4.210800170898437500e+01,1.262300014495849609e+01,-1.325599956512451172e+01
4.357699966430664062e+01,9.097000122070312500e+00,-1.322099971771240234e+01
4.222800064086914062e+01,6.955999851226806641e+00,-1.033199977874755859e+01
3.891999816894531250e+01,8.901000022888183594e+00,-9.940999984741210938e+00
3.560599899291992188e+01,6.960000038146972656e+00,-9.505999565124511719e+00
3.729800033569335938e+01,3.480999946594238281e+00,-9.156999588012695312e+00
3.395000076293945312e+01,1.672000050544738770e+00,-8.368000030517578125e+00
3.178300094604492188e+01,3.299000024795532227e+00,-1.110099983215332031e+01
2.949600028991699219e+01,6.159999966621398926e-01,-1.258199977874755859e+01
2.692799949645996094e+01,2.759999990463256836e+00,-1.447799968719482422e+01
2.753300094604492188e+01,5.987999916076660156e+00,-1.640699958801269531e+01
2.460499954223632812e+01,7.697000026702880859e+00,-1.817099952697753906e+01
2.533699989318847656e+01,1.090100002288818359e+01,-2.017099952697753906e+01
2.229999923706054688e+01,1.236699962615966797e+01,-2.195100021362304688e+01
2.178599929809570312e+01,1.572000026702880859e+01,-2.377199935913085938e+01
2.515099906921386719e+01,1.737400054931640625e+01,-2.302400016784667969e+01
2.536899948120117188e+01,1.895000076293945312e+01,-2.652000045776367188e+01
2.856500053405761719e+01,2.102899932861328125e+01,-2.592700004577636719e+01
3.064599990844726562e+01,1.823500061035156250e+01,-2.431399917602539062e+01
3.367399978637695312e+01,1.776799964904785156e+01,-2.665399932861328125e+01
3.566999816894531250e+01,1.507900047302246094e+01,-2.479100036621093750e+01
3.498300170898437500e+01,1.218799972534179688e+01,-2.242499923706054688e+01
3.740499877929687500e+01,1.050899982452392578e+01,-1.994599914550781250e+01
3.950400161743164062e+01,7.592999935150146484e+00,-2.131900024414062500e+01
3.759099960327148438e+01,5.068999767303466797e+00,-1.911599922180175781e+01
3.676800155639648438e+01,3.653000116348266602e+00,-1.565799999237060547e+01
3.815399932861328125e+01,2.339999973773956299e-01,-1.452299976348876953e+01
3.484400177001953125e+01,-1.065999984741210938e+00,-1.301799964904785156e+01
3.249000167846679688e+01,4.009999930858612061e-01,-1.569200038909912109e+01
2.982099914550781250e+01,-2.092000007629394531e+00,-1.679500007629394531e+01
2.712599945068359375e+01,1.340000033378601074e-01,-1.841200065612792969e+01
2.785400009155273438e+01,3.190999984741210938e+00,-2.057600021362304688e+01
2.498100090026855469e+01,5.166999816894531250e+00,-2.213999938964843750e+01
2.589299964904785156e+01,8.199000358581542969e+00,-2.428100013732910156e+01
2.298500061035156250e+01,1.006000041961669922e+01,-2.588899993896484375e+01
2.254700088500976562e+01,1.345600032806396484e+01,-2.766600036621093750e+01
2.626499938964843750e+01,1.460400009155273438e+01,-2.754299926757812500e+01
2.644599914550781250e+01,1.709499931335449219e+01,-3.046800041198730469e+01
3.001899909973144531e+01,1.852499961853027344e+01,-3.012700080871582031e+01
3.167499923706054688e+01,1.514999961853027344e+01,-2.929899978637695312e+01
3.401599884033203125e+01,1.458800029754638672e+01,-3.231200027465820312e+01
3.659799957275390625e+01,1.205399990081787109e+01,-3.104599952697753906e+01
3.676599884033203125e+01,9.302000045776367188e+00,-2.843400001525878906e+01
4.012200164794921875e+01,7.849999904632568359e+00,-2.735799980163574219e+01
4.012200164794921875e+01,4.604000091552734375e+00,-2.535600090026855469e+01
4.348799896240234375e+01,3.118999958038330078e+00,-2.438500022888183594e+01
4.421699905395507812e+01,-5.389999747276306152e-01,-2.362700080871582031e+01
4.281000137329101562e+01,-1.490000009536743164e+00,-2.018300056457519531e+01
4.063600158691406250e+01,1.707000017166137695e+00,-1.981200027465820312e+01
3.725899887084960938e+01,-1.759999990463256836e-01,-1.931599998474121094e+01
3.802999877929687500e+01,-3.948999881744384766e+00,-1.901199913024902344e+01
3.456800079345703125e+01,-4.816999912261962891e+00,-1.747699928283691406e+01
3.227299880981445312e+01,-2.862999916076660156e+00,-1.987800025939941406e+01
2.927300071716308594e+01,-5.111000061035156250e+00,-2.076099967956542969e+01
2.693600082397460938e+01,-2.536999940872192383e+00,-2.240600013732910156e+01
2.775399971008300781e+01,4.070000052452087402e-01,-2.466900062561035156e+01
2.495499992370605469e+01,2.595999956130981445e+00,-2.606900024414062500e+01
2.570599937438964844e+01,5.556000232696533203e+00,-2.835600090026855469e+01
2.266900062561035156e+01,7.563000202178955078e+00,-2.949600028991699219e+01
2.235400009155273438e+01,1.078299999237060547e+01,-3.155999946594238281e+01
2.609300041198730469e+01,1.183399963378906250e+01,-3.140099906921386719e+01
2.633099937438964844e+01,1.350699996948242188e+01,-3.488199996948242188e+01
3.000600051879882812e+01,1.470899963378906250e+01,-3.489799880981445312e+01
3.155800056457519531e+01,1.143999958038330078e+01,-3.363800048828125000e+01
3.313000106811523438e+01,1.007699966430664062e+01,-3.685900115966796875e+01
3.419400024414062500e+01,6.592000007629394531e+00,-3.566400146484375000e+01
3.458900070190429688e+01,4.256999969482421875e+00,-3.267300033569335938e+01
3.793399810791015625e+01,4.311999797821044922e+00,-3.073100090026855469e+01
4.055699920654296875e+01,1.763000011444091797e+00,-3.182900047302246094e+01
4.090499877929687500e+01,6.449999809265136719e-01,-2.815699958801269531e+01
3.734600067138671875e+01,-8.140000104904174805e-01,-2.830900001525878906e+01
3.904899978637695312e+01,-3.895999908447265625e+00,-2.992300033569335938e+01
4.054600143432617188e+01,-4.696000099182128906e+00,-2.646299934387207031e+01
3.720899963378906250e+01,-4.652999877929687500e+00,-2.448699951171875000e+01
3.653300094604492188e+01,-8.427000045776367188e+00,-2.463100051879882812e+01
3.385499954223632812e+01,-8.013999938964843750e+00,-2.188299942016601562e+01
